city,lat,lon
Dublin city and suburbs,53.32937600831891,-6.314118946059142
Dublin city and suburbs,53.321107549630675,-6.222912367663764
Limerick city and suburbs,52.6218299774973,-8.620355566694796
Limerick city and suburbs,52.67202920894134,-8.63531510905764
Galway city and suburbs,53.291423327534254,-9.034520995548537
Dublin city and suburbs,53.23718437206704,-6.142404495306833
Dublin city and suburbs,53.27207466889281,-6.150191216961624
Dublin city and suburbs,53.378180125138485,-6.277732552327832
Galway city and suburbs,53.297510563628364,-8.98799319916129
Limerick city and suburbs,52.67931702292437,-8.672010342621242
Dublin city and suburbs,53.39272471295967,-6.176717958436964
Galway city and suburbs,53.2644767572029,-9.097478192805552
Dublin city and suburbs,53.27300503015326,-6.311213724893219
Cork city and suburbs,51.8990863001645,-8.389442542685043
Limerick city and suburbs,52.63420897587381,-8.630378138453759
Dublin city and suburbs,53.29291092157362,-6.354925622055316
Dublin city and suburbs,53.31150684596515,-6.332162849444939
Limerick city and suburbs,52.66804459854242,-8.635269181988011
Cork city and suburbs,51.885524435050215,-8.598666700506605
Cork city and suburbs,51.924371137904984,-8.499197827701563
Dublin city and suburbs,53.27070090487402,-6.209573507061594
Dublin city and suburbs,53.34039917411702,-6.417628498862443
Galway city and suburbs,53.27933379736668,-8.952246625581083
Dublin city and suburbs,53.34403053531286,-6.313624883765249
Cork city and suburbs,51.905248303848936,-8.522186465164223
Dublin city and suburbs,53.39848114795043,-6.292482145700244
Galway city and suburbs,53.29588782855181,-9.131361171736259
Dublin city and suburbs,53.39661876644135,-6.435768794550569
Cork city and suburbs,51.88776936194168,-8.47911918894328
Galway city and suburbs,53.292894944548,-9.045844259383687
Cork city and suburbs,51.88072561490503,-8.624678384762824
Dublin city and suburbs,53.37979111178878,-6.224008625865595
Dublin city and suburbs,53.38513469338778,-6.451999784614547
Waterford city and suburbs,52.249663137653364,-7.080006124865714
Dublin city and suburbs,53.39103317693189,-6.429917566037845
Dublin city and suburbs,53.28473878355497,-6.329434271998473
Galway city and suburbs,53.261753600688635,-9.085077892366401
Cork city and suburbs,51.87532936826035,-8.499021948755166
Galway city and suburbs,53.31191520707346,-9.04322163451867
Dublin city and suburbs,53.30474963674809,-6.327726082986915
Cork city and suburbs,51.88661717660114,-8.390284749545549
Galway city and suburbs,53.29408753397785,-9.077391028743046
Dublin city and suburbs,53.39363145229919,-6.401362370091617
Limerick city and suburbs,52.617378256103486,-8.649234581411518
Galway city and suburbs,53.30977429977464,-9.040967793627528
Limerick city and suburbs,52.66783702797131,-8.620421306085174
Dublin city and suburbs,53.30242574525947,-6.307920857566395
Dublin city and suburbs,53.2334355825196,-6.180548953459409
Galway city and suburbs,53.28608615249219,-9.009103487300372
Dublin city and suburbs,53.336643908917175,-6.255908922575305
Dublin city and suburbs,53.30305124688746,-6.183235889065671
Cork city and suburbs,51.923390971121954,-8.559305961644286
Galway city and suburbs,53.3002949958189,-9.087084104641491
Cork city and suburbs,51.89849235953573,-8.54732591338899
Galway city and suburbs,53.28941937914312,-9.079659192076287
Limerick city and suburbs,52.620956583497005,-8.627688943199926
Dublin city and suburbs,53.22989165135144,-6.115105574139209
Dublin city and suburbs,53.284486610598535,-6.116188782031106
Limerick city and suburbs,52.65387852938445,-8.661471163015621
Galway city and suburbs,53.311247914387465,-8.982416891992278
Dublin city and suburbs,53.29166950793602,-6.169701733053792
Dublin city and suburbs,53.28057411105285,-6.40166989063149
Dublin city and suburbs,53.34048796283995,-6.412364788030972
Dublin city and suburbs,53.296393925415096,-6.2120694434004005
Limerick city and suburbs,52.65590910754435,-8.63078560747585
Dublin city and suburbs,53.38622610001938,-6.102815189779768
Limerick city and suburbs,52.63580089607093,-8.60026100410363
Waterford city and suburbs,52.25622128661381,-7.160604461602012
Waterford city and suburbs,52.23332120242402,-7.080173379130647
Dublin city and suburbs,53.338413784154426,-6.195102886197464
Dublin city and suburbs,53.38164657930311,-6.22624433613507
Cork city and suburbs,51.921770996918895,-8.359566734229695
Limerick city and suburbs,52.67288175706967,-8.64147033331656
Dublin city and suburbs,53.36112665770984,-6.3172375120087025
Dublin city and suburbs,53.36170920543444,-6.204997114594513
Waterford city and suburbs,52.25987191568387,-7.128002383609011
Dublin city and suburbs,53.36628848457512,-6.087481497154701
Cork city and suburbs,51.92265293082879,-8.360113324760942
Dublin city and suburbs,53.39329682899255,-6.399573959094103
Dublin city and suburbs,53.28166876877496,-6.357934832899444
Limerick city and suburbs,52.66320878986568,-8.578769876542014
Cork city and suburbs,51.93609990858543,-8.37538233715215
Dublin city and suburbs,53.39061021681004,-6.107193885933428
Dublin city and suburbs,53.32365408508601,-6.299187095624977
Cork city and suburbs,51.904273839874804,-8.518580396332114
Galway city and suburbs,53.28439602068826,-9.095144046502657
Cork city and suburbs,51.86149302394193,-8.43504367424053
Galway city and suburbs,53.31476057244234,-9.063529131581758
Dublin city and suburbs,53.41783137875374,-6.3698106305716795
Dublin city and suburbs,53.23660288754645,-6.162372638164828
Cork city and suburbs,51.87310819221921,-8.456291927410394
Dublin city and suburbs,53.39239298529914,-6.428380442999247
Galway city and suburbs,53.302358098118084,-9.053152816578951
Cork city and suburbs,51.88397031709583,-8.396160285820613
Dublin city and suburbs,53.32575669477956,-6.3162932677939185
Dublin city and suburbs,53.328925042013246,-6.424142154797331
Dublin city and suburbs,53.29873803881028,-6.238018310170156
Dublin city and suburbs,53.23472546005053,-6.153824448152973
Cork city and suburbs,51.874347162749004,-8.47808462113369
Waterford city and suburbs,52.21915078906409,-7.133194550070705
Cork city and suburbs,51.94536414145732,-8.468630607460218
Galway city and suburbs,53.28860818045641,-9.037229225353373
Galway city and suburbs,53.2777842478487,-9.099837227057053
Waterford city and suburbs,52.25079649445473,-7.090618386939249
Dublin city and suburbs,53.3221023336854,-6.340443108413689
Dublin city and suburbs,53.306811677586175,-6.2810038358314255
Dublin city and suburbs,53.33404036193787,-6.296134643330639
Limerick city and suburbs,52.63002739501341,-8.640220083408568
Dublin city and suburbs,53.37455399615094,-6.083454445711835
Dublin city and suburbs,53.39871033677697,-6.258728951185066
Limerick city and suburbs,52.631105549889824,-8.622179526978307
Cork city and suburbs,51.92003196046409,-8.427652421190134
Dublin city and suburbs,53.356561071257914,-6.325118633041017
Cork city and suburbs,51.91774148967421,-8.328783279691002
Cork city and suburbs,51.912266173297304,-8.346372838387321
Waterford city and suburbs,52.25605906168726,-7.162956460297879
Waterford city and suburbs,52.23231477355475,-7.091560795907855
Dublin city and suburbs,53.293301326146384,-6.398003539002099
Galway city and suburbs,53.289456999682805,-8.978457975336566
Dublin city and suburbs,53.270736166682866,-6.331433890821876
Dublin city and suburbs,53.39813799656247,-6.218325760352502
Dublin city and suburbs,53.35791640610571,-6.414310217012543
Cork city and suburbs,51.84207144962026,-8.455977307140026
Dublin city and suburbs,53.352970507141976,-6.30418419053093
Dublin city and suburbs,53.322901008133066,-6.374775423170499
Dublin city and suburbs,53.27521430852164,-6.11962263689493
Dublin city and suburbs,53.35005837809125,-6.422005981915998
Dublin city and suburbs,53.36284381691971,-6.27846646570809
Cork city and suburbs,51.928581849339366,-8.369289276789496
Dublin city and suburbs,53.36186025931204,-6.21455214953575
Limerick city and suburbs,52.649298197263356,-8.657019543665184
Limerick city and suburbs,52.61678977870522,-8.65333172310327
Cork city and suburbs,51.9268452445472,-8.481756348923051
Dublin city and suburbs,53.30551840626696,-6.349049196747309
Limerick city and suburbs,52.66071993560606,-8.653131627241768
Dublin city and suburbs,53.30350478842938,-6.1930010998392735
Galway city and suburbs,53.3081475853668,-9.075932510507455
Cork city and suburbs,51.89111600423527,-8.471332600201256
Dublin city and suburbs,53.38629172827302,-6.216888123213071
Cork city and suburbs,51.88899584136838,-8.626067814076142
Cork city and suburbs,51.882192297753335,-8.479447261760287
Dublin city and suburbs,53.34545064279874,-6.367777950168705
Waterford city and suburbs,52.236239008858284,-7.151520321221858
Limerick city and suburbs,52.65164564523217,-8.614851948680695
Cork city and suburbs,51.94267512579961,-8.458848101019287
Cork city and suburbs,51.90790973167993,-8.493384040297277
Dublin city and suburbs,53.29806025445255,-6.223901195796592
Dublin city and suburbs,53.40186192448494,-6.29018478993983
Cork city and suburbs,51.87886343232416,-8.380834414160459
Waterford city and suburbs,52.244161347368,-7.0928235388538035
Cork city and suburbs,51.878884182493984,-8.391688619038145
Galway city and suburbs,53.26678848724868,-9.128730797733313
Dublin city and suburbs,53.22017791981323,-6.129359213246144
Limerick city and suburbs,52.65467740768869,-8.594471599862874
Dublin city and suburbs,53.396631189796885,-6.331964940559732
Dublin city and suburbs,53.262903596356466,-6.2350399424932474
Limerick city and suburbs,52.66897584146483,-8.692189644495166
Dublin city and suburbs,53.28807413463855,-6.293544576162306
Dublin city and suburbs,53.31229184783475,-6.398359831996534
Cork city and suburbs,51.85970898340188,-8.401511542716332
Waterford city and suburbs,52.27326092631054,-7.13849589552988
Galway city and suburbs,53.280001027073894,-8.985732636399776
Dublin city and suburbs,53.34756736489484,-6.38556421957806
Galway city and suburbs,53.27376623017836,-9.081086786231296
Dublin city and suburbs,53.283667718461004,-6.416498266765691
Dublin city and suburbs,53.241668134288346,-6.193833878909538
Galway city and suburbs,53.31466125665196,-9.021882640547574
Cork city and suburbs,51.85435284643123,-8.37393463381055
Dublin city and suburbs,53.348291947726736,-6.40881103596341
Dublin city and suburbs,53.282884399969426,-6.220067262371991
Dublin city and suburbs,53.37796638854544,-6.2765948336671205
Dublin city and suburbs,53.32481889934044,-6.233353334401357
Cork city and suburbs,51.908216887075895,-8.436014733187747
Cork city and suburbs,51.85231415036376,-8.439041037526168
Galway city and suburbs,53.27481781034768,-9.084046785553793
Dublin city and suburbs,53.34970944916707,-6.305676362979758
Dublin city and suburbs,53.271249639915766,-6.352934677990426
Waterford city and suburbs,52.26753209625121,-7.148085136116707
Galway city and suburbs,53.29359240698455,-9.05014239332745
Dublin city and suburbs,53.36221525106179,-6.250403293050698
Cork city and suburbs,51.829065919471255,-8.478337684454457
Dublin city and suburbs,53.34738722928364,-6.379677380056271
Dublin city and suburbs,53.34515167855888,-6.456402914666905
Dublin city and suburbs,53.29402319517323,-6.172552874416782
Dublin city and suburbs,53.32607996343748,-6.367378708590593
Galway city and suburbs,53.28345591895339,-8.985133119044232
Dublin city and suburbs,53.401759548730254,-6.274655616011839
Dublin city and suburbs,53.385869467495084,-6.345470559597454
Dublin city and suburbs,53.312650749141376,-6.351124206632397
Dublin city and suburbs,53.252892494331306,-6.189985778517711
Dublin city and suburbs,53.30302670853247,-6.2663925450833995
Cork city and suburbs,51.90770808453481,-8.343103018863347
Dublin city and suburbs,53.36708013780167,-6.173871546691326
Limerick city and suburbs,52.68634056520177,-8.600025659266915
Dublin city and suburbs,53.29396831136662,-6.336260797849917
Galway city and suburbs,53.300499516200496,-9.014870116365039
Dublin city and suburbs,53.28359453258077,-6.352172586363831
Galway city and suburbs,53.286340980284564,-9.10816923945804
Cork city and suburbs,51.89633722041955,-8.516138598067075
Dublin city and suburbs,53.30412364933769,-6.309831441935613
Dublin city and suburbs,53.322132748201625,-6.392307538254972
Galway city and suburbs,53.29549781875591,-9.028239512577219
Cork city and suburbs,51.92754000554224,-8.529792226848635
Limerick city and suburbs,52.67280676187579,-8.629350357881352
Dublin city and suburbs,53.38482205505416,-6.31946187866366
Galway city and suburbs,53.277386031794215,-9.132179985278187
Dublin city and suburbs,53.365859876329324,-6.183965429248935
Dublin city and suburbs,53.394844654722036,-6.384311971744124
Dublin city and suburbs,53.37399239812087,-6.169965406273696
Cork city and suburbs,51.88107162995644,-8.534888239225795
Dublin city and suburbs,53.38885375767302,-6.080526880159287
Galway city and suburbs,53.26463780118697,-8.992327624752654
Cork city and suburbs,51.93404221533295,-8.4769784026809
Dublin city and suburbs,53.374854609162355,-6.080152244144757
Waterford city and suburbs,52.25372790406261,-7.047056439238798
Waterford city and suburbs,52.22938642165639,-7.10906813349824
Waterford city and suburbs,52.257671087894856,-7.087994191793058
Dublin city and suburbs,53.38954629509726,-6.270726941091418
Galway city and suburbs,53.2695872729472,-8.990651917753313
Galway city and suburbs,53.258465180519714,-9.082888566426726
Dublin city and suburbs,53.39570027187561,-6.359507985864618
Dublin city and suburbs,53.27235197283534,-6.169345625349343
Limerick city and suburbs,52.65804492914078,-8.641808683690627
Dublin city and suburbs,53.3147403694875,-6.3325625655148015
Cork city and suburbs,51.89541962363896,-8.401793034646046
Dublin city and suburbs,53.297886892248215,-6.31452875997294
Dublin city and suburbs,53.30784910989126,-6.300463277107336
Limerick city and suburbs,52.643325178605785,-8.672852990319225
Limerick city and suburbs,52.64985493142056,-8.58319117399752
Dublin city and suburbs,53.2938199279106,-6.417921247587379
Dublin city and suburbs,53.29829766989464,-6.380467507216402
Dublin city and suburbs,53.32181155314565,-6.356890374564324
Limerick city and suburbs,52.635407103982516,-8.630403045786274
Limerick city and suburbs,52.68007427498286,-8.637540532087412
Dublin city and suburbs,53.37947530800079,-6.100200319943992
Dublin city and suburbs,53.32682651422972,-6.257595602961077
Dublin city and suburbs,53.39301869361215,-6.110407386879413
Dublin city and suburbs,53.312826358910876,-6.294239142746977
Dublin city and suburbs,53.236755750211394,-6.132983117571875
Dublin city and suburbs,53.335963165732124,-6.33608205406971
Dublin city and suburbs,53.284280992952645,-6.237635355266089
Dublin city and suburbs,53.38188484690083,-6.07068691438071
Dublin city and suburbs,53.287573760881486,-6.374268874232204
Dublin city and suburbs,53.265362907277144,-6.218857990618368
Cork city and suburbs,51.86284497655092,-8.574260216068653
Limerick city and suburbs,52.63929868842697,-8.635493119949283
Waterford city and suburbs,52.22113362832861,-7.132086950926021
Galway city and suburbs,53.29539235596909,-9.082358357728383
Limerick city and suburbs,52.67580002711504,-8.597282297593702
Dublin city and suburbs,53.27053404547553,-6.256016035573499
Dublin city and suburbs,53.31839397593454,-6.217844997449877
Cork city and suburbs,51.94789798132426,-8.356459443809126
Dublin city and suburbs,53.34598247339572,-6.295493796385166
Dublin city and suburbs,53.424161707983544,-6.380145268866562
Cork city and suburbs,51.90014159774443,-8.519336475022936
Limerick city and suburbs,52.647941676575236,-8.618588484335167
Dublin city and suburbs,53.31038607341445,-6.196989711550347
Dublin city and suburbs,53.3699611810451,-6.2832568068219885
Limerick city and suburbs,52.62684775054877,-8.634925669705167
Dublin city and suburbs,53.25562028923826,-6.18301329699616
Limerick city and suburbs,52.64098345031565,-8.607431341171878
Dublin city and suburbs,53.38290294941126,-6.28284853575348
Limerick city and suburbs,52.6545346737016,-8.630206488495189
Limerick city and suburbs,52.63670397027188,-8.666444193972318
Galway city and suburbs,53.271362955131096,-8.974525813891908
Dublin city and suburbs,53.24480909293865,-6.170184915122254
Cork city and suburbs,51.917671715972986,-8.487244420922401
Waterford city and suburbs,52.24780425000936,-7.058425198968739
Cork city and suburbs,51.913612495651606,-8.326944911585615
Dublin city and suburbs,53.303156440081736,-6.360289619609603
Limerick city and suburbs,52.65686605102553,-8.551718186764681
Galway city and suburbs,53.30374621588015,-9.053752362871302
Dublin city and suburbs,53.287508013269345,-6.119285771438765
Galway city and suburbs,53.27162356557559,-9.049273049385636
Cork city and suburbs,51.86643045852448,-8.535638789293726
Cork city and suburbs,51.92495830480575,-8.368192990042202
Dublin city and suburbs,53.37974381591287,-6.38405669131649
Cork city and suburbs,51.918607598776404,-8.526683453172552
Dublin city and suburbs,53.37339187550691,-6.259085239448223
Dublin city and suburbs,53.38320456791498,-6.2108422414239
Galway city and suburbs,53.29484661291154,-8.986559072735176
Cork city and suburbs,51.90573553842011,-8.551661340336134
Cork city and suburbs,51.874933863344076,-8.507511231923786
Limerick city and suburbs,52.669837247511175,-8.618871691101655
Cork city and suburbs,51.85628947867901,-8.444724042732373
Waterford city and suburbs,52.26828382661267,-7.175867758852325
Dublin city and suburbs,53.262646358675134,-6.151273513848707
Galway city and suburbs,53.277270388153546,-9.02039193774827
Dublin city and suburbs,53.39688685984714,-6.2214564837043795
Cork city and suburbs,51.85356311387153,-8.4776982321328
Dublin city and suburbs,53.265625541487324,-6.217319400561516
Dublin city and suburbs,53.383743035606024,-6.314774274285189
Limerick city and suburbs,52.66047328817181,-8.564927501999014
Dublin city and suburbs,53.352530141738136,-6.202880746154319
Dublin city and suburbs,53.24490208156322,-6.126898544732063
Dublin city and suburbs,53.27644318491475,-6.1729123089856595
Dublin city and suburbs,53.40325900707094,-6.247224039370541
Dublin city and suburbs,53.27974638644361,-6.382509889293681
Dublin city and suburbs,53.38279320269102,-6.249388156231001
Dublin city and suburbs,53.28012110611711,-6.100410018935365
Dublin city and suburbs,53.345010516169104,-6.356916652114516
Cork city and suburbs,51.89596340265471,-8.544619448388536
Cork city and suburbs,51.90664122647486,-8.493887243605476
Dublin city and suburbs,53.38439269847718,-6.350489671539371
Dublin city and suburbs,53.33746751512676,-6.347063217341986
Dublin city and suburbs,53.298151097834406,-6.363094219788644
Dublin city and suburbs,53.423755184242125,-6.389038600086857
Dublin city and suburbs,53.26046677015666,-6.222596824109512
Dublin city and suburbs,53.355611600018726,-6.451447650757226
Waterford city and suburbs,52.26058679017419,-7.152636591701914
Dublin city and suburbs,53.364243557714836,-6.266699490633888
Cork city and suburbs,51.87050421471147,-8.384242500215182
Dublin city and suburbs,53.347552137049696,-6.468741748396554
Limerick city and suburbs,52.669437179426055,-8.58552732198065
Cork city and suburbs,51.8808933274791,-8.500475394458274
Dublin city and suburbs,53.27091514590593,-6.164367170236589
Dublin city and suburbs,53.232494447020834,-6.1372204135517885
Dublin city and suburbs,53.28808105864557,-6.133923097034214
Dublin city and suburbs,53.35683722573805,-6.271782643620402
Waterford city and suburbs,52.261887810505186,-7.146243975217109
Dublin city and suburbs,53.28998831492054,-6.174998122437853
Waterford city and suburbs,52.25914510425742,-7.085207552073892
Cork city and suburbs,51.89239250177491,-8.480467064803527
Limerick city and suburbs,52.641040931454974,-8.629339815602895
Dublin city and suburbs,53.39040585818731,-6.283085317359013
Limerick city and suburbs,52.67878636346052,-8.638927753375427
Dublin city and suburbs,53.35365511489394,-6.443207165808226
Cork city and suburbs,51.84343566491329,-8.491813474795105
Limerick city and suburbs,52.63874268006458,-8.585515429862443
Cork city and suburbs,51.94866485182808,-8.359382368469976
Waterford city and suburbs,52.24043184756137,-7.119126231196413
Limerick city and suburbs,52.68679451814858,-8.676773538773183
Dublin city and suburbs,53.29438037660411,-6.411087375738457
Dublin city and suburbs,53.26298910226053,-6.180450965861616
Galway city and suburbs,53.28427788256435,-9.028026926233288
Dublin city and suburbs,53.26963152825116,-6.130741654359646
Cork city and suburbs,51.93138043713721,-8.450079321830094
Dublin city and suburbs,53.35070722024255,-6.4632509013652255
Dublin city and suburbs,53.27619906516831,-6.349759046181211
Dublin city and suburbs,53.398703206911165,-6.196977478163521
Dublin city and suburbs,53.27669922227078,-6.150428795179354
Cork city and suburbs,51.92000838011712,-8.360780284715412
Waterford city and suburbs,52.23751986267622,-7.066788634359957
Cork city and suburbs,51.91200738029273,-8.441214613568995
Cork city and suburbs,51.92622196075038,-8.325964543417196
Dublin city and suburbs,53.40313344648127,-6.346347682166358
Cork city and suburbs,51.88051662151676,-8.339456005061763
Waterford city and suburbs,52.22529232403648,-7.1008901845920445
Dublin city and suburbs,53.33964746068354,-6.185134834953551
Dublin city and suburbs,53.31160203346682,-6.351204796751434
Cork city and suburbs,51.88661164577388,-8.533169685560688
Limerick city and suburbs,52.639865538348616,-8.612110277738166
Dublin city and suburbs,53.28889233737109,-6.307689663211737
Dublin city and suburbs,53.394853926833036,-6.2871665221484525
Galway city and suburbs,53.2856258868091,-9.00969498399303
Dublin city and suburbs,53.25766658019894,-6.1772293762691515
Dublin city and suburbs,53.33918127498276,-6.20305517753328
Limerick city and suburbs,52.67223537925404,-8.600115992221994
Dublin city and suburbs,53.272858910847134,-6.293709370481739
Dublin city and suburbs,53.25083303991875,-6.1352617246242085
Limerick city and suburbs,52.64971649819509,-8.562384241278467
Dublin city and suburbs,53.37017380268168,-6.349519622590189
Limerick city and suburbs,52.657277593173234,-8.68735139234107
Waterford city and suburbs,52.23900257120032,-7.097748789888426
Galway city and suburbs,53.292830833436774,-9.067723005613505
Cork city and suburbs,51.88517684593362,-8.378004384070666
Dublin city and suburbs,53.323222583911715,-6.335701797867515
Dublin city and suburbs,53.3323625897929,-6.297720489391022
Dublin city and suburbs,53.277534037447204,-6.374771427094643
Limerick city and suburbs,52.623024815290314,-8.65189308098993
Cork city and suburbs,51.9308259912504,-8.332184035793105
Limerick city and suburbs,52.66240331982298,-8.620838426981093
Cork city and suburbs,51.88389254590347,-8.542768952022037
Dublin city and suburbs,53.37183385799784,-6.2097081304609825
Limerick city and suburbs,52.66376309868579,-8.64759223907681
Dublin city and suburbs,53.27447462840079,-6.13204863937853
Dublin city and suburbs,53.37895029389811,-6.176826661741452
Galway city and suburbs,53.299567676252224,-9.069819969029849
Dublin city and suburbs,53.340072698536,-6.180563202007815
Waterford city and suburbs,52.271344573945285,-7.113164908990566
Cork city and suburbs,51.93699024716287,-8.340279434642609
Dublin city and suburbs,53.32678929778397,-6.243569337053869
Cork city and suburbs,51.935161759573965,-8.401991516013362
Dublin city and suburbs,53.40293489017365,-6.165052477803261
Cork city and suburbs,51.878158878150266,-8.512640287250308
Limerick city and suburbs,52.64865314366633,-8.6113912890548
Dublin city and suburbs,53.24385863647286,-6.173574723498649
Limerick city and suburbs,52.65244919701284,-8.574762968877277
Waterford city and suburbs,52.26434053308429,-7.122429791834833
Galway city and suburbs,53.271730212112054,-9.031708922547605
Cork city and suburbs,51.890075643512,-8.403747980142889
Dublin city and suburbs,53.366913203452995,-6.41776239562171
Dublin city and suburbs,53.40149010851565,-6.416247921138034
Dublin city and suburbs,53.40139257302716,-6.19377131413479
Limerick city and suburbs,52.64191964739106,-8.632969494574645
Limerick city and suburbs,52.656070859448185,-8.540374170417358
Dublin city and suburbs,53.37094127013243,-6.235739577457983
Cork city and suburbs,51.879700155236954,-8.589450951349146
Cork city and suburbs,51.85851232433538,-8.370343080136228
Limerick city and suburbs,52.623968977508966,-8.629349848899002
Limerick city and suburbs,52.67508079882876,-8.55870456939871
Dublin city and suburbs,53.35894709309243,-6.1669102692753475
Dublin city and suburbs,53.35938221565072,-6.168852700201405
Dublin city and suburbs,53.34088592681628,-6.430544743573541
Waterford city and suburbs,52.22314026913252,-7.116269444916661
Cork city and suburbs,51.876560518711024,-8.461708249143523
Dublin city and suburbs,53.3739383821715,-6.223273938868509
Dublin city and suburbs,53.282095712587605,-6.406887296242906
Dublin city and suburbs,53.38940539352636,-6.3954914642966445
Galway city and suburbs,53.30265209954589,-9.067386172632068
Cork city and suburbs,51.89990321339473,-8.368815944407086
Dublin city and suburbs,53.259759212226136,-6.198213334157934
Galway city and suburbs,53.315513068104195,-9.066269890272308
Cork city and suburbs,51.950761405545535,-8.424565126135137
Dublin city and suburbs,53.27935943200412,-6.343148087164636
Cork city and suburbs,51.8829898968711,-8.334108805814273
Dublin city and suburbs,53.392904042690034,-6.134841736305497
Galway city and suburbs,53.284802910499714,-9.027524624854657
Galway city and suburbs,53.313654960188515,-9.055574954432815
Dublin city and suburbs,53.27692711744794,-6.271812541312876
Dublin city and suburbs,53.27280994871936,-6.160262742238008
Dublin city and suburbs,53.233190720976765,-6.121744609207901
Dublin city and suburbs,53.35786651713251,-6.443173068571332
Limerick city and suburbs,52.638077698934225,-8.654221419936391
Dublin city and suburbs,53.216074879948856,-6.131372222772187
Waterford city and suburbs,52.264482471520324,-7.133195487357638
Waterford city and suburbs,52.22668549107837,-7.136822787618761
Waterford city and suburbs,52.22366280963772,-7.1103209506611424
Galway city and suburbs,53.25794912006322,-9.092321452606331
Dublin city and suburbs,53.393975358491936,-6.256466732152402
Cork city and suburbs,51.9172792560048,-8.356131167428217
Dublin city and suburbs,53.392251924189836,-6.3264658801384535
Dublin city and suburbs,53.32796664338551,-6.452686838577701
Dublin city and suburbs,53.37452948754061,-6.272545398774612
Cork city and suburbs,51.880794660778605,-8.560540509692478
Limerick city and suburbs,52.65359254887434,-8.655399115048164
Dublin city and suburbs,53.34207673301721,-6.255161351627373
Dublin city and suburbs,53.40531674397705,-6.39054471423915
Dublin city and suburbs,53.364172688066375,-6.249049971654949
Galway city and suburbs,53.254412502550075,-9.11193808170774
Galway city and suburbs,53.30032651306509,-9.054300472132889
Dublin city and suburbs,53.2718884472466,-6.122616414814332
Galway city and suburbs,53.26651950352202,-8.986042211075231
Cork city and suburbs,51.90759873709353,-8.386618170699276
Cork city and suburbs,51.91258506998827,-8.554837440396577
Dublin city and suburbs,53.2299731191366,-6.158082883905158
Dublin city and suburbs,53.238569535802675,-6.183530075341338
Dublin city and suburbs,53.385007703644796,-6.070346937845887
Limerick city and suburbs,52.652593595897265,-8.552117697588336
Limerick city and suburbs,52.669157914400245,-8.658532758031956
Dublin city and suburbs,53.394853990187094,-6.279059453617241
Dublin city and suburbs,53.295983726843424,-6.294367281392327
Dublin city and suburbs,53.38860571905142,-6.210798178265236
Dublin city and suburbs,53.3594554756447,-6.431845698821234
Dublin city and suburbs,53.371281692116625,-6.2715845010392215
Cork city and suburbs,51.9376674141859,-8.396992083348785
Dublin city and suburbs,53.3449168452612,-6.313016114639453
Dublin city and suburbs,53.28349267020171,-6.286445591416727
Dublin city and suburbs,53.350036148112984,-6.310983380777129
Dublin city and suburbs,53.29021242465924,-6.235557815993522
Cork city and suburbs,51.94213598483343,-8.467647152581888
Dublin city and suburbs,53.29069302574737,-6.2702537086257655
Dublin city and suburbs,53.30594396215244,-6.302700006274541
Limerick city and suburbs,52.661249614858654,-8.589346222411477
Cork city and suburbs,51.890454765076925,-8.62364142246958
Dublin city and suburbs,53.269632350727484,-6.110065169264635
Cork city and suburbs,51.869203783188844,-8.369207995344587
Dublin city and suburbs,53.303715590383575,-6.336463039751065
Dublin city and suburbs,53.35194856552673,-6.407307281053749
Dublin city and suburbs,53.35161130393655,-6.349078457437062
Galway city and suburbs,53.271719379215526,-9.098292935422851
Limerick city and suburbs,52.62143374330168,-8.633264305427145
Cork city and suburbs,51.90219893140878,-8.32160014630109
Limerick city and suburbs,52.65364238304502,-8.529025108048959
Dublin city and suburbs,53.363281575457165,-6.2198538375733605
Dublin city and suburbs,53.39154591995787,-6.167699475871146
Galway city and suburbs,53.26413547156078,-9.052836537614349
Cork city and suburbs,51.91137931144214,-8.325157600502346
Dublin city and suburbs,53.36668379860822,-6.3167386511785715
Limerick city and suburbs,52.66469329495712,-8.651996103136915
Limerick city and suburbs,52.62934801321577,-8.666438807735812
Cork city and suburbs,51.88949910949581,-8.375653079105094
Dublin city and suburbs,53.27814624251015,-6.288652186265295
Cork city and suburbs,51.907373723270396,-8.358159667169083
Dublin city and suburbs,53.3661536314265,-6.430737083451218
Dublin city and suburbs,53.36311182116143,-6.323100728544901
Cork city and suburbs,51.954150564689265,-8.370709723832713
Dublin city and suburbs,53.40560669183655,-6.2404106852952985
Dublin city and suburbs,53.37744022832704,-6.211518408175747
Galway city and suburbs,53.289420472270365,-9.020849039870095
Cork city and suburbs,51.88747814164711,-8.626632572664514
Dublin city and suburbs,53.280017841721424,-6.334932154139448
Dublin city and suburbs,53.390160764071425,-6.16852233002623
Galway city and suburbs,53.2966793474324,-8.96546186120311
Dublin city and suburbs,53.35894778915295,-6.451215934649358
Limerick city and suburbs,52.64367378175654,-8.670748402765753
Limerick city and suburbs,52.655022152960605,-8.651943959464099
Dublin city and suburbs,53.35862486961007,-6.403048124721267
Dublin city and suburbs,53.33986045071344,-6.423447926910489
Dublin city and suburbs,53.291174971624166,-6.393399739577779
Limerick city and suburbs,52.61842474474505,-8.641777253211655
Cork city and suburbs,51.882969740682995,-8.602791508256782
Dublin city and suburbs,53.36650511803091,-6.321622062430179
Dublin city and suburbs,53.25963253868663,-6.201595592939444
Dublin city and suburbs,53.31098399885214,-6.405929195782193
Limerick city and suburbs,52.63639042149754,-8.618298654000023
Cork city and suburbs,51.928688094019165,-8.40302062390242
Dublin city and suburbs,53.3963044925809,-6.299107050390049
Galway city and suburbs,53.29438076878539,-9.048334902449403
Dublin city and suburbs,53.23463674061725,-6.193473927290332
Limerick city and suburbs,52.66609084579977,-8.684511007826421
Dublin city and suburbs,53.30390519409135,-6.3458965841257315
Cork city and suburbs,51.878417143952525,-8.628953862857594
Waterford city and suburbs,52.25710630488043,-7.147568045022807
Cork city and suburbs,51.92242294664522,-8.326932121757253
Waterford city and suburbs,52.22985868033153,-7.12546057324328
Waterford city and suburbs,52.236297366234155,-7.0349260804080265
Dublin city and suburbs,53.3503558013022,-6.219294010390517
Limerick city and suburbs,52.65963073176177,-8.6582357718543
Dublin city and suburbs,53.3998974834933,-6.381748647537612
Waterford city and suburbs,52.23619980420315,-7.059100802024978
Limerick city and suburbs,52.64841476300321,-8.557929946287688
Cork city and suburbs,51.86608084049082,-8.38529091536161
Galway city and suburbs,53.27858889327679,-9.134035646243925
Dublin city and suburbs,53.28149313473026,-6.391603695948005
Dublin city and suburbs,53.38772114443916,-6.429906149923872
Dublin city and suburbs,53.3222345460845,-6.332349038549469
Cork city and suburbs,51.88264465134541,-8.526405114835663
Cork city and suburbs,51.90374262465118,-8.439533960982642
Dublin city and suburbs,53.29715075068586,-6.146850881888941
Dublin city and suburbs,53.28485634585202,-6.293538625721905
Cork city and suburbs,51.86486847918927,-8.397675216408425
Dublin city and suburbs,53.416693267017926,-6.341606100726198
Cork city and suburbs,51.84482441569567,-8.50111585816516
Galway city and suburbs,53.28686417394643,-8.989130065290649
Dublin city and suburbs,53.38824527416499,-6.184418734215957
Limerick city and suburbs,52.681679042276045,-8.630425504455598
Cork city and suburbs,51.900032468058185,-8.379355163182183
Dublin city and suburbs,53.23533237475441,-6.158196273244987
Dublin city and suburbs,53.26990359644826,-6.2196762609258816
Galway city and suburbs,53.297237325985286,-9.077375317113201
Waterford city and suburbs,52.25235960087138,-7.04610826463791
Cork city and suburbs,51.894748132295504,-8.34077493212985
Dublin city and suburbs,53.389642712809824,-6.098825333440875
Dublin city and suburbs,53.285536646909584,-6.430815394391702
Dublin city and suburbs,53.35121496098571,-6.284962435955931
Galway city and suburbs,53.293987860540625,-8.98619956933298
Galway city and suburbs,53.286674485120336,-9.100954162122274
Dublin city and suburbs,53.354598996528786,-6.228820173811969
Dublin city and suburbs,53.314618781492456,-6.292470543882748
Dublin city and suburbs,53.324412982354346,-6.39286669952909
Dublin city and suburbs,53.36676681602465,-6.076058334168679
Dublin city and suburbs,53.271501565868085,-6.247647453928
Dublin city and suburbs,53.39298967550457,-6.132587804017548
Cork city and suburbs,51.869422087951904,-8.571193088580262
Limerick city and suburbs,52.64529099955776,-8.623065650138454
Limerick city and suburbs,52.68101307997078,-8.60288181543494
Cork city and suburbs,51.87987280981513,-8.453628607577716
Dublin city and suburbs,53.39215265611405,-6.441245214719407
Dublin city and suburbs,53.25313733395037,-6.193624732618134
Dublin city and suburbs,53.32777363882526,-6.44186097840082
Dublin city and suburbs,53.27944438268893,-6.192975713150832
Cork city and suburbs,51.92591169522809,-8.522909770086324
Galway city and suburbs,53.27393428971322,-9.055694547413738
Limerick city and suburbs,52.668404896005015,-8.59762153526281
Dublin city and suburbs,53.36902287204068,-6.326984498420405
Waterford city and suburbs,52.237470086032125,-7.083287959548633
Dublin city and suburbs,53.3413998515158,-6.346677152619141
Dublin city and suburbs,53.34773949299238,-6.378478440397774
Dublin city and suburbs,53.32972241582221,-6.409494104099967
Galway city and suburbs,53.28804090112674,-9.040495503302552
Limerick city and suburbs,52.632970831731996,-8.609881722200791
Waterford city and suburbs,52.26718746710061,-7.149118085735787
Cork city and suburbs,51.88324178487665,-8.54990119581213
Limerick city and suburbs,52.66347602995968,-8.616094286719942
Cork city and suburbs,51.87922568954741,-8.502653778203445
Cork city and suburbs,51.89000719065868,-8.480565676759564
Galway city and suburbs,53.29000200873688,-9.042642620134606
Dublin city and suburbs,53.29460726760005,-6.1812591334861455
Cork city and suburbs,51.88589367314812,-8.575301925579552
Galway city and suburbs,53.310976338442096,-9.029193392450013
Dublin city and suburbs,53.404107973185155,-6.241070786854511
Galway city and suburbs,53.274072867072235,-9.124322287902011
Dublin city and suburbs,53.36524710535493,-6.406723579191647
Cork city and suburbs,51.91299436341898,-8.376916336481548
Dublin city and suburbs,53.22438114734266,-6.126865933072145
Galway city and suburbs,53.31372284876236,-9.01839162108621
Dublin city and suburbs,53.279699762616595,-6.257793220558392
Cork city and suburbs,51.884814129679185,-8.37356520567426
Waterford city and suburbs,52.27187033499926,-7.137844757099903
Cork city and suburbs,51.88377481409494,-8.591836189135314
Dublin city and suburbs,53.36858780083671,-6.0658265775079645
Dublin city and suburbs,53.23196096196333,-6.167358778162832
Cork city and suburbs,51.86609547427196,-8.432087802953525
Galway city and suburbs,53.28075923939648,-8.993587018014786
Dublin city and suburbs,53.322290738322735,-6.41666210258777
Cork city and suburbs,51.867571686464444,-8.46810961870649
Dublin city and suburbs,53.377789724971905,-6.140227716850695
Limerick city and suburbs,52.633686139745166,-8.649534081460072
Dublin city and suburbs,53.28929845820504,-6.275566322905872
Dublin city and suburbs,53.32024807484019,-6.28129154858796
Dublin city and suburbs,53.32371722769556,-6.343901646575763
Limerick city and suburbs,52.6754060083033,-8.605263866508578
Dublin city and suburbs,53.295617098293704,-6.1626030717325175
Limerick city and suburbs,52.64899280468972,-8.565706177172235
Dublin city and suburbs,53.35350341736988,-6.432726601347812
Dublin city and suburbs,53.3787175328795,-6.163126461559968
Dublin city and suburbs,53.28003293201827,-6.310562716976121
Cork city and suburbs,51.88027841386716,-8.357946655265865
Cork city and suburbs,51.887297811564174,-8.42999069511708
Waterford city and suburbs,52.25646334455061,-7.10915663864209
Dublin city and suburbs,53.2287144873964,-6.132788008989877
Dublin city and suburbs,53.21566029731418,-6.12238995496927
Cork city and suburbs,51.9342714363056,-8.439931378131554
Limerick city and suburbs,52.62459950866174,-8.624992976813393
Cork city and suburbs,51.936066803589526,-8.354885501578163
Dublin city and suburbs,53.42033259487428,-6.3626310423921195
Dublin city and suburbs,53.26051266361353,-6.1299305808149915
Cork city and suburbs,51.926706450515795,-8.41329153793732
Cork city and suburbs,51.87556941813203,-8.40990401013816
Limerick city and suburbs,52.62273382918601,-8.6713954176047
Cork city and suburbs,51.93367379667528,-8.399648864280154
Dublin city and suburbs,53.360702917104625,-6.395813412709253
Limerick city and suburbs,52.67065352239722,-8.622521715004089
Dublin city and suburbs,53.3703017839448,-6.3743481193226765
Waterford city and suburbs,52.27009420466736,-7.132106087054071
Galway city and suburbs,53.3084710211687,-8.987296229891676
Cork city and suburbs,51.92497536504266,-8.545575482750383
Dublin city and suburbs,53.39707960960533,-6.261376361063247
Galway city and suburbs,53.25503127003698,-9.111905624915718
Dublin city and suburbs,53.30372113965208,-6.206914563947905
Dublin city and suburbs,53.40459006633426,-6.355256505209315
Limerick city and suburbs,52.67468820946448,-8.700423081212596
Dublin city and suburbs,53.39707937571768,-6.207595944037428
Galway city and suburbs,53.303135308246645,-9.071175375532611
Dublin city and suburbs,53.28770023454804,-6.206090650967362
Galway city and suburbs,53.26440589967524,-9.076527877450472
Cork city and suburbs,51.85501485867059,-8.51284126107918
Dublin city and suburbs,53.255588712139115,-6.1872229440029844
Limerick city and suburbs,52.62982648727005,-8.625206420024943
Galway city and suburbs,53.305410837642384,-9.026013315193694
Limerick city and suburbs,52.67482959267794,-8.696536492832209
Galway city and suburbs,53.28259452042769,-9.041484741291361
Cork city and suburbs,51.88250262622195,-8.516096614350877
Galway city and suburbs,53.30992922419537,-8.978088681895885
Cork city and suburbs,51.929174569364335,-8.43262310354913
Waterford city and suburbs,52.25987453581838,-7.0819475275283414
Galway city and suburbs,53.30900150584008,-9.038951602607883
Dublin city and suburbs,53.278463160071304,-6.135082228340061
Waterford city and suburbs,52.25300538869678,-7.136072116166635
Galway city and suburbs,53.3036558765107,-9.02082712148536
Dublin city and suburbs,53.29333327211146,-6.2379768915918055
Dublin city and suburbs,53.255075875523616,-6.1362355830428195
Dublin city and suburbs,53.408891415732,-6.374951098507185
Cork city and suburbs,51.85751123505034,-8.421487206634799
Dublin city and suburbs,53.28645712314798,-6.425045044733303
Cork city and suburbs,51.91959595955982,-8.317284614402686
Dublin city and suburbs,53.345563915104584,-6.410077208882498
Limerick city and suburbs,52.67147978340881,-8.561257536630386
Cork city and suburbs,51.90780032850909,-8.507384895889947
Galway city and suburbs,53.27629990630646,-9.122435906537046
Dublin city and suburbs,53.36449792724997,-6.279495490826934
Dublin city and suburbs,53.338245092920495,-6.414942189105787
Dublin city and suburbs,53.40782129673174,-6.397801364489381
Dublin city and suburbs,53.276960719157614,-6.260455551778912
Waterford city and suburbs,52.25467653976684,-7.053255171227445
Dublin city and suburbs,53.39073065841362,-6.186515362315968
Dublin city and suburbs,53.36300824145946,-6.371908835243266
Dublin city and suburbs,53.38624428915673,-6.327515818589979
Dublin city and suburbs,53.27532801047304,-6.284833453275474
Cork city and suburbs,51.86056442503202,-8.448787777373788
Galway city and suburbs,53.27464423693572,-9.04424466806077
Dublin city and suburbs,53.31290301346844,-6.304125910099688
Limerick city and suburbs,52.64637746926396,-8.60341291748864
Dublin city and suburbs,53.391740044921924,-6.159678807173259
Dublin city and suburbs,53.28382387283392,-6.274717369928424
Cork city and suburbs,51.87563545929165,-8.434140853548254
Dublin city and suburbs,53.37894522301649,-6.374865611367725
Dublin city and suburbs,53.30052871311611,-6.363151915978177
Cork city and suburbs,51.88236850578733,-8.55061466056897
Galway city and suburbs,53.27369813748467,-9.018430818285244
Dublin city and suburbs,53.322503250773636,-6.396591664641241
Cork city and suburbs,51.91325357148962,-8.3488096650747
Galway city and suburbs,53.30723398213793,-9.061046605001915
Cork city and suburbs,51.92067102407397,-8.42486873418431
Galway city and suburbs,53.27615181407291,-8.97798875646384
Cork city and suburbs,51.85285570836483,-8.413542399819029
Dublin city and suburbs,53.34836270845816,-6.24221879549265
Limerick city and suburbs,52.66595008313401,-8.639484350252372
Waterford city and suburbs,52.24454589351506,-7.101503192675621
Limerick city and suburbs,52.6720269612976,-8.622346117622042
Dublin city and suburbs,53.33479725738658,-6.294851468687907
Dublin city and suburbs,53.271720334232675,-6.0944798265522975
Dublin city and suburbs,53.369670785689124,-6.246974961020276
Cork city and suburbs,51.9371960750312,-8.440455179927474
Dublin city and suburbs,53.379824608539465,-6.338099330086375
Dublin city and suburbs,53.306104329656414,-6.216670894764379
Cork city and suburbs,51.87631929353245,-8.597784425407772
Dublin city and suburbs,53.330757284610584,-6.375079165924506
Dublin city and suburbs,53.32013531886692,-6.346161419232787
Dublin city and suburbs,53.33294348914004,-6.270243513511608
Dublin city and suburbs,53.347760247183615,-6.325197515627016
Dublin city and suburbs,53.34740831988667,-6.397062101357307
Limerick city and suburbs,52.65544234920398,-8.584436004337679
Dublin city and suburbs,53.27828817264591,-6.416836552200351
Cork city and suburbs,51.883534368875765,-8.492546783496774
Cork city and suburbs,51.87111286943436,-8.576306080182343
Cork city and suburbs,51.839873204119925,-8.483101483362335
Limerick city and suburbs,52.66517801302842,-8.611592711435135
Cork city and suburbs,51.88953555624383,-8.331225695121612
Dublin city and suburbs,53.39396364861338,-6.403904557043732
Cork city and suburbs,51.92265052570752,-8.51332067867718
Dublin city and suburbs,53.337784253142964,-6.282561854226684
Galway city and suburbs,53.26822448845333,-9.135765458961778
Dublin city and suburbs,53.24041158252112,-6.161702229934412
Galway city and suburbs,53.27493004920416,-9.067734608716515
Dublin city and suburbs,53.36393078579562,-6.189316955670188
Galway city and suburbs,53.30325117497434,-8.999887316695604
Dublin city and suburbs,53.300039372841844,-6.306721327267426
Galway city and suburbs,53.274564844953325,-9.037627735763115
Galway city and suburbs,53.2564193042696,-9.102471010738176
Dublin city and suburbs,53.39869999760918,-6.408076509487004
Limerick city and suburbs,52.6713530291324,-8.646529524764732
Cork city and suburbs,51.922313313262926,-8.398234048834578
Galway city and suburbs,53.27590199341192,-9.108505961813124
Dublin city and suburbs,53.307418588762204,-6.378876561784548
Limerick city and suburbs,52.665271174695405,-8.690518815121022
Dublin city and suburbs,53.311806584281506,-6.321002971391588
Galway city and suburbs,53.27035338128812,-9.122220280671751
Cork city and suburbs,51.84635579201412,-8.4741045471364
Dublin city and suburbs,53.29601888270917,-6.313160190750414
Dublin city and suburbs,53.25033986506362,-6.21067698703371
Cork city and suburbs,51.925930032110244,-8.526890793690074
Dublin city and suburbs,53.3034287658124,-6.345411680401516
Limerick city and suburbs,52.62456798163528,-8.64851053099348
Cork city and suburbs,51.939636244369126,-8.410303633850164
Dublin city and suburbs,53.28630081963033,-6.325753426932315
Dublin city and suburbs,53.34162988826264,-6.2543507752534095
Cork city and suburbs,51.925627838802384,-8.494796871648594
Dublin city and suburbs,53.382104881728495,-6.380029946572321
Waterford city and suburbs,52.2619453569225,-7.132128658374586
Galway city and suburbs,53.2843724376365,-8.98317934717955
Dublin city and suburbs,53.39324164170797,-6.17099997759768
Limerick city and suburbs,52.63843681850918,-8.668656589334805
Dublin city and suburbs,53.36699215531667,-6.2452677819713704
Waterford city and suburbs,52.267403122786845,-7.148517692878645
Galway city and suburbs,53.26357587076846,-8.991305617687729
Dublin city and suburbs,53.2799501121967,-6.422066069736645
Dublin city and suburbs,53.22205980131006,-6.151010760005336
Dublin city and suburbs,53.357869683232515,-6.41136392915257
Galway city and suburbs,53.289407083627545,-8.981894971386293
Dublin city and suburbs,53.40454567954686,-6.3744497159169216
Cork city and suburbs,51.88463745294506,-8.460912333540406
Limerick city and suburbs,52.627720043911545,-8.675166129323527
Dublin city and suburbs,53.32291604513833,-6.410714044447322
Galway city and suburbs,53.31054041599093,-9.041357764668112
Dublin city and suburbs,53.249560763165526,-6.217141682250837
Dublin city and suburbs,53.38000874755194,-6.284473788023806
Galway city and suburbs,53.268496753768694,-9.041883766159268
Dublin city and suburbs,53.298741328573456,-6.322567100978685
Dublin city and suburbs,53.389437908080744,-6.223063463588356
Dublin city and suburbs,53.307318780180985,-6.374391340229909
Limerick city and suburbs,52.68126464603982,-8.671014320373668
Dublin city and suburbs,53.326391524563874,-6.406811157862561
Dublin city and suburbs,53.40462144765071,-6.35122592090252
Dublin city and suburbs,53.36952761429018,-6.391929173858204
Waterford city and suburbs,52.22017131247909,-7.124096139572683
Galway city and suburbs,53.26982649524311,-9.12469073955493
Dublin city and suburbs,53.28892192919497,-6.284540046219257
Dublin city and suburbs,53.343344752320235,-6.250326721772808
Cork city and suburbs,51.88835973503806,-8.552756821290817
Galway city and suburbs,53.27206788472671,-8.969187905608678
Dublin city and suburbs,53.35086900233799,-6.436185470148648
Cork city and suburbs,51.88857178679939,-8.333769123821279
Dublin city and suburbs,53.32310594738827,-6.4288774006819915
Galway city and suburbs,53.298859646812076,-9.05546166087664
Cork city and suburbs,51.92964343955013,-8.448449228884677
Dublin city and suburbs,53.398775487145436,-6.268218970863183
Cork city and suburbs,51.882352954872,-8.380912214912154
Dublin city and suburbs,53.28657310593414,-6.285752592207666
Cork city and suburbs,51.92566458893036,-8.437951816261327
Dublin city and suburbs,53.29877475972376,-6.249315790109141
Dublin city and suburbs,53.41604842549245,-6.384989630393948
Cork city and suburbs,51.91724521400471,-8.400693910462532
Cork city and suburbs,51.94441225223659,-8.43642154732364
Limerick city and suburbs,52.65664249284919,-8.631443094589773
Limerick city and suburbs,52.680337538504254,-8.665897779001117
Dublin city and suburbs,53.3256872688372,-6.426797489113325
Cork city and suburbs,51.86317800674873,-8.447587602831069
Dublin city and suburbs,53.359611877108875,-6.329824710710133
Dublin city and suburbs,53.29006677241202,-6.140501326927802
Dublin city and suburbs,53.34460872992579,-6.27994900926997
Galway city and suburbs,53.261757512065834,-9.100765742884024
Limerick city and suburbs,52.65382311712284,-8.605542576496779
Cork city and suburbs,51.86486642418494,-8.425716428104511
Dublin city and suburbs,53.2612160848504,-6.1315062423065445
Dublin city and suburbs,53.39564247503485,-6.344206683529453
Dublin city and suburbs,53.37792257511973,-6.2778035342668925
Dublin city and suburbs,53.35772033851349,-6.373815656258832
Galway city and suburbs,53.285244562945536,-9.093525189121975
Limerick city and suburbs,52.646629038951495,-8.591579133505578
Waterford city and suburbs,52.24127070432814,-7.059285801606098
Galway city and suburbs,53.26476362927603,-8.98964785458456
Dublin city and suburbs,53.24720587707787,-6.1919736383682356
Limerick city and suburbs,52.628537073919915,-8.656688195209414
Cork city and suburbs,51.91955566151146,-8.341145209344372
Cork city and suburbs,51.89778228250602,-8.520557476509051
Dublin city and suburbs,53.40503920300499,-6.372707124470841
Dublin city and suburbs,53.36523527109846,-6.380251133293395
Cork city and suburbs,51.89718076705083,-8.519634558863496
Limerick city and suburbs,52.656565417838394,-8.60874241328973
Dublin city and suburbs,53.24192491769212,-6.135978653668691
Dublin city and suburbs,53.26997466301888,-6.164795369128014
Cork city and suburbs,51.903197242283895,-8.53202898036889
Dublin city and suburbs,53.380154481616245,-6.316814942863989
Cork city and suburbs,51.91549906697882,-8.449750073899631
Dublin city and suburbs,53.33880003430428,-6.404301872673608
Dublin city and suburbs,53.3874723701085,-6.303643256416182
Dublin city and suburbs,53.31521012081334,-6.295125437163691
Waterford city and suburbs,52.25454371727523,-7.100897956693514
Cork city and suburbs,51.84708938665104,-8.469248216631359
Dublin city and suburbs,53.374929534222865,-6.074767154979286
Dublin city and suburbs,53.36290216373661,-6.420307841712533
Limerick city and suburbs,52.65004689972879,-8.674526147564215
Dublin city and suburbs,53.369174928938484,-6.155967283427991
Dublin city and suburbs,53.28719006317833,-6.390225459363674
Dublin city and suburbs,53.354583963304265,-6.338012402237353
Dublin city and suburbs,53.28029251280227,-6.36649324817793
Cork city and suburbs,51.89501456872852,-8.384168043245191
Dublin city and suburbs,53.36962846190259,-6.235188392243104
Galway city and suburbs,53.3104700129603,-9.041270068396516
Cork city and suburbs,51.841440817898544,-8.467199904291402
Dublin city and suburbs,53.400281342212445,-6.356556527356002
Waterford city and suburbs,52.23118982604854,-7.148481623897263
Dublin city and suburbs,53.22746558959695,-6.1270980012099745
Waterford city and suburbs,52.26901170958515,-7.108435898636889
Dublin city and suburbs,53.290475341004885,-6.152871916268531
Limerick city and suburbs,52.64182569807234,-8.5949698040038
Cork city and suburbs,51.87775037028072,-8.531349740826519
Dublin city and suburbs,53.38257816435391,-6.404588808338419
Waterford city and suburbs,52.24004856799591,-7.072699491620585
Dublin city and suburbs,53.33317821442466,-6.2268142387146765
Dublin city and suburbs,53.3486268495888,-6.322357398365443
Waterford city and suburbs,52.24905128242091,-7.096335773625118
Limerick city and suburbs,52.67280177610886,-8.65708209560978
Cork city and suburbs,51.87438115415031,-8.55629382752837
Cork city and suburbs,51.884122058796976,-8.587259324755273
Dublin city and suburbs,53.330060063735154,-6.394704950991593
Cork city and suburbs,51.911607311011686,-8.355056513636741
Dublin city and suburbs,53.25526263287511,-6.1648807968641615
Cork city and suburbs,51.938880567896,-8.417586436710229
Cork city and suburbs,51.881446428269705,-8.58586244807553
Dublin city and suburbs,53.256590519382705,-6.1476826708690275
Dublin city and suburbs,53.26245838104671,-6.126672322848726
Cork city and suburbs,51.95197211252426,-8.45149514521678
Limerick city and suburbs,52.65718782637862,-8.598633104379443
Galway city and suburbs,53.3041350241882,-9.045384403835387
Galway city and suburbs,53.281176191387445,-9.136781781202904
Dublin city and suburbs,53.43255440651698,-6.379063465459306
Cork city and suburbs,51.923860219101506,-8.476272849806026
Galway city and suburbs,53.28368575178828,-8.970514036106112
Galway city and suburbs,53.2807667352975,-9.071523818012407
Galway city and suburbs,53.27703953923766,-9.11808472322767
Galway city and suburbs,53.27544201385528,-9.05935602940216
Galway city and suburbs,53.3138615865593,-9.041323965692849
Dublin city and suburbs,53.39575929685363,-6.348856082090579
Galway city and suburbs,53.27821332262155,-9.13921540507317
Dublin city and suburbs,53.25855409877579,-6.197191779447161
Cork city and suburbs,51.8976612371067,-8.323186944381868
Limerick city and suburbs,52.6690958083174,-8.576237367348057
Dublin city and suburbs,53.23734839638251,-6.176016672730525
Waterford city and suburbs,52.23997947348718,-7.043207425799032
Dublin city and suburbs,53.287496744119146,-6.327130283942812
Cork city and suburbs,51.859512004365996,-8.489769701022846
Dublin city and suburbs,53.29581879322801,-6.355672032786676
Cork city and suburbs,51.92803819333598,-8.440783150415749
Limerick city and suburbs,52.620064057528545,-8.639293689193424
Limerick city and suburbs,52.661941281565966,-8.628820855298063
Dublin city and suburbs,53.42313648734123,-6.363556543168405
Dublin city and suburbs,53.29773319729945,-6.305766279716537
Dublin city and suburbs,53.402664687616706,-6.362408478968216
Dublin city and suburbs,53.27835887809109,-6.129676004524486
Limerick city and suburbs,52.62207983689168,-8.672170943950487
Dublin city and suburbs,53.358865063521456,-6.195529829529746
Cork city and suburbs,51.8850068185356,-8.611433839655128
Waterford city and suburbs,52.24419363332643,-7.045899962012728
Galway city and suburbs,53.26561696517152,-9.105042734044362
Dublin city and suburbs,53.27203131014546,-6.175313898773332
Dublin city and suburbs,53.22269370951162,-6.147799064640542
Dublin city and suburbs,53.31854831767351,-6.338722080335194
Limerick city and suburbs,52.6612909675678,-8.638640194357059
Dublin city and suburbs,53.314484445536564,-6.237162097834448
Dublin city and suburbs,53.257371600586836,-6.136680653546051
Dublin city and suburbs,53.349778524533136,-6.399192793779466
Dublin city and suburbs,53.23894474821681,-6.124746980821216
Galway city and suburbs,53.29484633494597,-9.042677901125362
Cork city and suburbs,51.91718863635262,-8.554624393110366
Dublin city and suburbs,53.39233423340963,-6.165740620947787
Limerick city and suburbs,52.67941023974416,-8.684176614246288
Limerick city and suburbs,52.65029728910188,-8.581648717781166
Waterford city and suburbs,52.24277303574024,-7.15454460953732
Dublin city and suburbs,53.352080971954905,-6.451984739383105
Dublin city and suburbs,53.38839921324068,-6.080132832968905
Dublin city and suburbs,53.38791845212891,-6.229563926843243
Dublin city and suburbs,53.254493534567224,-6.184883429031571
Dublin city and suburbs,53.429411862490035,-6.376818036134278
Galway city and suburbs,53.29947888909323,-8.980478353973858
Dublin city and suburbs,53.3836842341627,-6.369789974863031
Galway city and suburbs,53.28956426512231,-8.988058471159855
Dublin city and suburbs,53.293616471760366,-6.3014053277606354
Limerick city and suburbs,52.675506049850334,-8.620685898029226
Limerick city and suburbs,52.640988218154504,-8.657780603198344
Waterford city and suburbs,52.26149599859882,-7.0854133356351765
Limerick city and suburbs,52.63555870381033,-8.624744583977126
Dublin city and suburbs,53.33712089293619,-6.397850290882952
Dublin city and suburbs,53.34097894159784,-6.430023926729049
Dublin city and suburbs,53.38248712499611,-6.064008108359695
Waterford city and suburbs,52.218147985241195,-7.12576492261848
Cork city and suburbs,51.84522942084684,-8.478269396485691
Galway city and suburbs,53.275993580388,-9.113291551113027
Cork city and suburbs,51.94748411224566,-8.359349319137094
Dublin city and suburbs,53.3018437895987,-6.397831288536316
Cork city and suburbs,51.94704870707485,-8.465124139417462
Galway city and suburbs,53.27123072144049,-9.053985100194419
Dublin city and suburbs,53.27017576928752,-6.279191332705198
Dublin city and suburbs,53.397047079968274,-6.27259729126147
Cork city and suburbs,51.92809703995964,-8.458966567633375
Cork city and suburbs,51.9366846659581,-8.361846511552361
Galway city and suburbs,53.2905424518782,-9.104571168159916
Cork city and suburbs,51.89484910914703,-8.55890577671809
Dublin city and suburbs,53.354940413762705,-6.226483770888856
Dublin city and suburbs,53.35821502711411,-6.192143772268975
Cork city and suburbs,51.87384578473406,-8.588482755547455
Cork city and suburbs,51.90418848369404,-8.448044338803193
Dublin city and suburbs,53.33924948670483,-6.2058991173367195
Dublin city and suburbs,53.37541556167955,-6.185195761001816
Dublin city and suburbs,53.34334042521069,-6.452378296512234
Dublin city and suburbs,53.36587668690326,-6.337705280006988
Dublin city and suburbs,53.303667401053126,-6.21821219302604
Waterford city and suburbs,52.255361161773216,-7.110237857043085
Dublin city and suburbs,53.38641365118749,-6.418714243575161
Dublin city and suburbs,53.32705209897002,-6.379936776406356
Galway city and suburbs,53.284768852525545,-9.012307826065987
Dublin city and suburbs,53.38607503367683,-6.334065958506213
Dublin city and suburbs,53.28009493577195,-6.161290465895454
Dublin city and suburbs,53.294090386294705,-6.151672403812386
Limerick city and suburbs,52.66686885293964,-8.638490369772512
Dublin city and suburbs,53.23699759910396,-6.184605944022386
Cork city and suburbs,51.927632743198075,-8.392141471609738
Dublin city and suburbs,53.280262725096314,-6.352622953065162
Cork city and suburbs,51.94285945209187,-8.456069034704901
Limerick city and suburbs,52.665523264434,-8.563091245224188
Dublin city and suburbs,53.28005397330118,-6.1832488272640695
Dublin city and suburbs,53.385994837791955,-6.311840551613389
Dublin city and suburbs,53.347787292485144,-6.409160080382144
Dublin city and suburbs,53.3184521189006,-6.266768763229257
Dublin city and suburbs,53.41865063452488,-6.37160035025167
Limerick city and suburbs,52.67818940552284,-8.56639282325992
Waterford city and suburbs,52.23992039646213,-7.101240709051167
Dublin city and suburbs,53.400781772546395,-6.342019339119259
Cork city and suburbs,51.901664185798545,-8.486027532083778
Cork city and suburbs,51.88655339831746,-8.497086028521549
Limerick city and suburbs,52.65690736684724,-8.624550764232747
Dublin city and suburbs,53.3970405427856,-6.176045097469795
Dublin city and suburbs,53.31297855970265,-6.355924207192593
Dublin city and suburbs,53.27315597786306,-6.274273092128695
Dublin city and suburbs,53.35538409913766,-6.4021446101062836
Dublin city and suburbs,53.36601833672683,-6.421168130798481
Limerick city and suburbs,52.647381867851784,-8.571044762979195
Galway city and suburbs,53.30841973404538,-9.056783358635217
Limerick city and suburbs,52.659585466366316,-8.540740522939554
Dublin city and suburbs,53.3571561644977,-6.293279967631904
Cork city and suburbs,51.90677296840348,-8.468628003145255
Dublin city and suburbs,53.29351369358546,-6.340605195667548
Cork city and suburbs,51.88575590988319,-8.396749794784165
Dublin city and suburbs,53.24814442286122,-6.194866401788338
Dublin city and suburbs,53.371042294689666,-6.061215962393639
Dublin city and suburbs,53.287304803928926,-6.3817891878536885
Limerick city and suburbs,52.63506309649329,-8.605938209316465
Dublin city and suburbs,53.29664342717353,-6.329750885564207
Cork city and suburbs,51.86453317661892,-8.434080591703987
Galway city and suburbs,53.29041366766151,-9.058417450198297
Galway city and suburbs,53.27295909155574,-9.05253767500271
Dublin city and suburbs,53.40633219692322,-6.240689224258885
Cork city and suburbs,51.9150159512271,-8.329484025692551
Dublin city and suburbs,53.361320883674246,-6.364032294350721
Cork city and suburbs,51.93393240574918,-8.422546577824477
Dublin city and suburbs,53.393986746637125,-6.136529998195548
Limerick city and suburbs,52.681952574398835,-8.659005580904678
Cork city and suburbs,51.91775875847001,-8.438499747955504
Galway city and suburbs,53.26367813666983,-9.08231636092999
Cork city and suburbs,51.91338984997884,-8.515480433188982
Dublin city and suburbs,53.37117295208858,-6.324697622861646
Cork city and suburbs,51.85160047103596,-8.451737514368077
Dublin city and suburbs,53.33351043925127,-6.237502999273746
Cork city and suburbs,51.92583941878618,-8.454678974071168
Dublin city and suburbs,53.39662021241322,-6.437766812330489
Dublin city and suburbs,53.30770073182065,-6.3686478291757
Limerick city and suburbs,52.63964126159906,-8.587531780347444
Dublin city and suburbs,53.396663961097744,-6.415227301869643
